ROI,average ROI size,average localizer mask size,inter-subject overlap,mean[1;1],stderr[1;1],T/F,dof,p,p-fdr
LIFGorb,370,37,1.000000,1.767948,1.008348,1.753311,4.000000,0.077209,0.092651
LIFG,743,74,1.000000,2.245426,0.666637,3.368287,4.000000,0.014044,0.021066
LMFG,462,46,1.000000,3.070201,0.797639,3.849111,4.000000,0.009158,0.018316
LAntTemp,1627,162,1.000000,1.270716,0.285717,4.447461,4.000000,0.005634,0.018266
LPostTemp,2948,294,1.000000,1.841168,0.423466,4.347854,4.000000,0.006089,0.018266
LAngG,644,64,1.000000,0.493685,0.559171,0.882887,4.000000,0.213582,0.213582
