ROI,average ROI size,average localizer mask size,inter-subject overlap,mean[1;S],mean[1;N],mean[1;S-N],stderr[1;S],stderr[1;N],stderr[1;S-N],T/F,dof,p,p-fdr
LIFGorb,370,37,1.000000,1.767948,0.386927,1.381021,1.008348,0.389138,0.714148,0.639771,2.000000,0.657308,0.657308
LIFG,743,74,1.000000,2.245426,0.660358,1.585068,0.666637,0.164787,0.537548,2.677237,2.000000,0.283610,0.378652
LMFG,462,46,1.000000,3.070201,1.221228,1.848972,0.797639,0.345711,0.486992,2.480123,2.000000,0.300306,0.378652
LAntTemp,1627,162,1.000000,1.270716,-0.103319,1.374034,0.285717,0.152813,0.188198,11.418573,2.000000,0.081594,0.378652
LPostTemp,2948,294,1.000000,1.841168,0.614475,1.226694,0.423466,0.180152,0.293354,3.165947,2.000000,0.249220,0.378652
LAngG,644,64,1.000000,0.493685,-0.573196,1.066881,0.559171,0.292932,0.410130,2.318314,2.000000,0.315543,0.378652
