ROI,average ROI size,average localizer mask size,inter-subject overlap,mean[1;1],stderr[1;1],T/F,dof,p,p-fdr
LIFGorb,370,37,1.000000,1.381021,0.714148,1.933803,4.000000,0.062633,0.062633
LIFG,743,74,1.000000,1.585068,0.537548,2.948697,4.000000,0.021012,0.031518
LMFG,462,46,1.000000,1.848972,0.486992,3.796717,4.000000,0.009579,0.019158
LAntTemp,1627,162,1.000000,1.374034,0.188198,7.300991,4.000000,0.000936,0.005614
LPostTemp,2948,294,1.000000,1.226694,0.293354,4.181608,4.000000,0.006950,0.019158
LAngG,644,64,1.000000,1.066881,0.410130,2.601323,4.000000,0.029982,0.035979
