ROI,average ROI size,average localizer mask size,inter-subject overlap,mean[1;1],stderr[1;1],T/F,dof,p,p-fdr
LIFGorb,370,37,1.000000,0.377309,0.317876,1.186969,5.000000,0.144278,0.216416
LIFG,743,74,1.000000,0.694148,0.138726,5.003735,5.000000,0.002046,0.012275
LMFG,462,46,1.000000,1.166434,0.287541,4.056587,5.000000,0.004881,0.014643
LAntTemp,1627,162,1.000000,-0.085659,0.126015,-0.679750,5.000000,0.736574,0.883888
LPostTemp,2948,294,1.000000,0.509212,0.180878,2.815217,5.000000,0.018659,0.037318
LAngG,644,64,1.000000,-0.463238,0.263243,-1.759736,5.000000,0.930615,0.930615
