ROI,average ROI size,average localizer mask size,inter-subject overlap,mean[1;1],stderr[1;1],T/F,dof,p,p-fdr
LIFGorb,370,37,1.000000,-0.353462,0.307084,-1.151025,5.000000,0.849113,0.892698
LIFG,743,74,1.000000,-0.079453,0.378567,-0.209878,5.000000,0.578977,0.892698
LMFG,462,46,1.000000,-0.112947,0.322820,-0.349877,5.000000,0.629657,0.892698
LAntTemp,1627,162,1.000000,-0.336502,0.236830,-1.420863,5.000000,0.892698,0.892698
LPostTemp,2948,294,1.000000,-0.138887,0.127166,-1.092167,5.000000,0.837716,0.892698
LAngG,644,64,1.000000,-0.018238,0.236865,-0.076999,5.000000,0.529195,0.892698
