ROI,average ROI size,average localizer mask size,inter-subject overlap,mean[1;1],stderr[1;1],T/F,dof,p,p-fdr
LIFGorb,370,37,1.000000,-0.011577,0.189993,-0.060936,4.000000,0.522833,0.522833
LIFG,743,74,1.000000,0.225105,0.190911,1.179106,4.000000,0.151850,0.258594
LMFG,462,46,1.000000,0.473120,0.195600,2.418819,4.000000,0.036428,0.218568
LAntTemp,1627,162,1.000000,0.394105,0.368238,1.070244,4.000000,0.172396,0.258594
LPostTemp,2948,294,1.000000,0.359936,0.227946,1.579040,4.000000,0.094736,0.258594
LAngG,644,64,1.000000,0.279377,0.568842,0.491133,4.000000,0.324530,0.389436
