ROI,ROISize,LocalizerSize,LocalizerIntersubjectOverlap
76,73,70,71.000000
111,114,98,370.000000
37,1,76,73,70,71.000000
743,74,1,76,77,70,71.000000
462,46,1,76,65,110,116.000000
84,101,109,112.000000
1627,162,1,76,80,111,115.000000
116,84,101,109.000000
112,2948,294,1.000000
76,65,110,103.000000
71,644,64,1.000000
