ROI,average ROI size,average localizer mask size,inter-subject overlap,mean[1;1],stderr[1;1],T/F,dof,p,p-fdr
LIFGorb,370,37,1.000000,-0.406137,0.181074,-2.242934,4.000000,0.955833,0.973252
LIFG,743,74,1.000000,-0.435874,0.338197,-1.288816,4.000000,0.866525,0.973252
LMFG,462,46,1.000000,-0.545540,0.281318,-1.939225,4.000000,0.937756,0.973252
LAntTemp,1627,162,1.000000,-0.751569,0.320466,-2.345237,4.000000,0.960537,0.973252
LPostTemp,2948,294,1.000000,-0.558380,0.205988,-2.710747,4.000000,0.973252,0.973252
LAngG,644,64,1.000000,-0.540127,0.359506,-1.502412,4.000000,0.896296,0.973252
