ROI,average ROI size,average localizer mask size,inter-subject overlap,mean[1;1],stderr[1;1],T/F,dof,p,p-fdr
LIFGorb,370,37,1.000000,0.198338,0.375852,0.527703,4.000000,0.312811,0.469216
LIFG,743,74,1.000000,-0.122620,0.503838,-0.243373,4.000000,0.590156,0.590156
LMFG,462,46,1.000000,-0.057751,0.320706,-0.180074,4.000000,0.567076,0.590156
LAntTemp,1627,162,1.000000,0.207341,0.188871,1.097789,4.000000,0.166971,0.444135
LPostTemp,2948,294,1.000000,0.241379,0.226586,1.065285,4.000000,0.173389,0.444135
LAngG,644,64,1.000000,0.223915,0.264010,0.848133,4.000000,0.222068,0.444135
