ROI,average ROI size,average localizer mask size,inter-subject overlap,mean[1;1],stderr[1;1],T/F,dof,p,p-fdr
LIFGorb,370,37,1.000000,0.020465,0.260181,0.078656,4.000000,0.470542,0.470542
LIFG,743,74,1.000000,0.239947,0.200701,1.195541,4.000000,0.148953,0.186090
LMFG,462,46,1.000000,0.433384,0.134943,3.211613,4.000000,0.016269,0.089257
LAntTemp,1627,162,1.000000,0.214306,0.184563,1.161157,4.000000,0.155075,0.186090
LPostTemp,2948,294,1.000000,0.464794,0.178174,2.608648,4.000000,0.029752,0.089257
LAngG,644,64,1.000000,0.553205,0.272421,2.030697,4.000000,0.056062,0.112124
