ROI,average ROI size,average localizer mask size,inter-subject overlap,mean[1;1],stderr[1;1],T/F,dof,p,p-fdr
LIFGorb,370,37,1.000000,0.060979,0.396893,0.153642,4.000000,0.442666,0.567629
LIFG,743,74,1.000000,0.010901,0.151383,0.072013,4.000000,0.473024,0.567629
LMFG,462,46,1.000000,0.020631,0.132804,0.155350,4.000000,0.442035,0.567629
LAntTemp,1627,162,1.000000,0.121027,0.218061,0.555011,4.000000,0.304230,0.567629
LPostTemp,2948,294,1.000000,0.063466,0.173781,0.365210,4.000000,0.366723,0.567629
LAngG,644,64,1.000000,-0.184874,0.499881,-0.369836,4.000000,0.634873,0.634873
