ROI,average ROI size,average localizer mask size,inter-subject overlap,mean[1;1],stderr[1;1],T/F,dof,p,p-fdr
LIFGorb,370,37,1.000000,0.413405,0.406494,1.017003,4.000000,0.183332,0.366663
LIFG,743,74,1.000000,-0.010321,0.532317,-0.019389,4.000000,0.507270,0.565058
LMFG,462,46,1.000000,-0.057298,0.328194,-0.174587,4.000000,0.565058,0.565058
LAntTemp,1627,162,1.000000,0.348125,0.217752,1.598722,4.000000,0.092564,0.366663
LPostTemp,2948,294,1.000000,0.328117,0.295924,1.108787,4.000000,0.164848,0.366663
LAngG,644,64,1.000000,0.113232,0.443070,0.255563,4.000000,0.405446,0.565058
