ROI,average ROI size,average localizer mask size,inter-subject overlap,mean[1;1],stderr[1;1],T/F,dof,p,p-fdr
LIFGorb,370,37,1.000000,-0.015589,0.139075,-0.112088,4.000000,0.541923,0.670134
LIFG,743,74,1.000000,0.321459,0.378633,0.848998,4.000000,0.221853,0.478497
LMFG,462,46,1.000000,0.248021,0.244690,1.013611,4.000000,0.184048,0.478497
LAntTemp,1627,162,1.000000,-0.101008,0.077779,-1.298644,4.000000,0.868063,0.868063
LPostTemp,2948,294,1.000000,0.142871,0.182959,0.780892,4.000000,0.239248,0.478497
LAngG,644,64,1.000000,-0.056041,0.357748,-0.156650,4.000000,0.558445,0.670134
