ROI,average ROI size,average localizer mask size,inter-subject overlap,mean[1;1],stderr[1;1],T/F,dof,p,p-fdr
LIFGorb,370,37,1.000000,-0.478693,0.187658,-2.550886,4.000000,0.968377,0.970614
LIFG,743,74,1.000000,-0.221670,0.220821,-1.003844,4.000000,0.813873,0.970614
LMFG,462,46,1.000000,-0.093050,0.156066,-0.596225,4.000000,0.708437,0.970614
LAntTemp,1627,162,1.000000,-0.478491,0.182599,-2.620452,4.000000,0.970614,0.970614
LPostTemp,2948,294,1.000000,-0.261911,0.128891,-2.032031,4.000000,0.944023,0.970614
LAngG,644,64,1.000000,-0.075876,0.252571,-0.300415,4.000000,0.610586,0.970614
