ROI,average ROI size,average localizer mask size,inter-subject overlap,mean[1;1],stderr[1;1],T/F,dof,p,p-fdr
LIFGorb,370,37,1.000000,-0.385672,0.188374,-2.047378,4.000000,0.944991,0.964502
LIFG,743,74,1.000000,-0.195927,0.273021,-0.717627,4.000000,0.743667,0.964502
LMFG,462,46,1.000000,-0.112155,0.208814,-0.537108,4.000000,0.690161,0.964502
LAntTemp,1627,162,1.000000,-0.537263,0.219940,-2.442773,4.000000,0.964502,0.964502
LPostTemp,2948,294,1.000000,-0.093587,0.140028,-0.668342,4.000000,0.729748,0.964502
LAngG,644,64,1.000000,0.013078,0.242680,0.053890,4.000000,0.479803,0.964502
