ROI,average ROI size,average localizer mask size,inter-subject overlap,mean[1;1],stderr[1;1],T/F,dof,p,p-fdr
LIFGorb,370,37,1.000000,0.032042,0.384225,0.083395,4.000000,0.468772,0.713156
LIFG,743,74,1.000000,0.014842,0.226390,0.065558,4.000000,0.475438,0.713156
LMFG,462,46,1.000000,-0.039736,0.133562,-0.297509,4.000000,0.609555,0.731467
LAntTemp,1627,162,1.000000,-0.179798,0.243148,-0.739460,4.000000,0.749663,0.749663
LPostTemp,2948,294,1.000000,0.104857,0.129222,0.811450,4.000000,0.231315,0.701453
LAngG,644,64,1.000000,0.273828,0.341549,0.801725,4.000000,0.233818,0.701453
