ROI,average ROI size,average localizer mask size,inter-subject overlap,mean[1;1],stderr[1;1],T/F,dof,p,p-fdr
LIFGorb,370,37,1.000000,0.352426,0.427464,0.824457,4.000000,0.228002,0.342003
LIFG,743,74,1.000000,-0.021222,0.470381,-0.045118,4.000000,0.516912,0.600941
LMFG,462,46,1.000000,-0.077929,0.285090,-0.273350,4.000000,0.600941,0.600941
LAntTemp,1627,162,1.000000,0.227099,0.161280,1.408106,4.000000,0.115934,0.231868
LPostTemp,2948,294,1.000000,0.264650,0.170666,1.550692,4.000000,0.097957,0.231868
LAngG,644,64,1.000000,0.298106,0.095114,3.134207,4.000000,0.017521,0.105128
